Question,Correct answer,Llama,ChatGPT,Gemini
"What is the main tool used to manage the encroachment of trees and shrubs in the Great Plains, and why has it not been fully effective?","Controlled burns are used to manage the encroachment of trees and shrubs, but they have not been fully effective because they are not destructive enough.","The main tool used to manage tree and shrub encroachment in the Great Plains is prescribed fire, but its effectiveness is limited by factors like weather conditions, land fragmentation, and lack of funding.","The main tool is prescribed burning, but it's not fully effective due to inconsistent application and landowner reluctance.","Prescribed fire is the main tool used to manage tree/shrub encroachment in the Great Plains, but its effectiveness is limited by fragmentation of grasslands and public perception of fire. "
What new tool has Dirac Twidwell developed to improve the effectiveness of controlled burns?,Dirac Twidwell has developed fireball igniters known as “dragon eggs” launched by drones to improve the effectiveness of controlled burns. ,"Dirac Twidwell has developed a drone-mounted, artificial intelligence-powered ignition system, called ""Dragon Eggs,"" which can precisely drop fire-starting balls, increasing the efficiency and safety of controlled burns in the Great Plains.","Dirac Twidwell developed a drone technology that ignites controlled burns more safely and efficiently, overcoming traditional limitations like inaccessibility and manpower shortages.","
Dirac Twidwell has developed a system where drones can drop fireballs (small incendiary spheres) to precisely ignite controlled burns, especially those that need to mimic the high intensity of natural wildfires."
How do modern controlled fires differ from historic patterns of natural fires in the Great Plains?,"Modern controlled fires are often low-intensity compared to historic natural fires, which were more intense and occurred at regular intervals.","Modern controlled fires in the Great Plains differ from historic natural fires in their smaller size, reduced frequency, and altered seasonality, which can disrupt the natural fire cycle and ecosystem processes.","Modern controlled fires are smaller, less frequent, and more strategically placed compared to the larger, more random natural fires historically common in the Great Plains.","Modern controlled fires in the Great Plains are smaller, less frequent,  and occur during different seasons compared to historical, naturally-occurring fires. "
"What are “dragon’s eggs,” and how do they function as fire-igniters?","“Dragon’s eggs” are fire-igniters that transform once injected with chemicals, taking a full minute before combustion occurs and starting to glow from the inside.","""Dragon's eggs"" are small, ping-pong-ball-sized spheres containing a flammable payload that are dropped from drones to ignite controlled fires. They burst into flames upon impact, producing a 3-5 foot fire ring, allowing for precise and efficient fire ignition.","""Dragon's eggs"" are chemical spheres that ignite upon impact, dropped from drones to start controlled burns accurately and safely.","While mythical dragon's eggs might breathe fire, the real-world ""Dragon Eggs"" are fire-starting devices containing potassium permanganate that ignites after a short delay when injected with glycol. "
What is the significance of the sun for life on Earth and how did it form?,"The sun has extremely important influences on our planet: It drives weather, ocean currents, seasons, and climate, and makes plant life possible through photosynthesis. Without the sun’s heat and light, life on Earth would not exist. About 4.5 billion years ago, the sun began to take shape from a molecular cloud that was mainly composed of hydrogen and helium. A nearby supernova emitted a shockwave, which came in contact with the molecular cloud and energized it. The molecular cloud began to compress, and some regions of gas collapsed under their own gravitational pull. As one of these regions collapsed, it also began to rotate and heat up from increasing pressure. Much of the hydrogen and helium remained in the center of this hot, rotating mass. Eventually, the gases heated up enough to begin nuclear fusion, and became the sun in our solar system.","The sun is the primary source of energy and life for our planet, providing warmth, light, and powering the Earth's climate and weather patterns. It is the reason for the existence of life on Earth, as it enables photosynthesis, the process by which plants produce energy. Without the sun, life as we know it would not be possible.
The sun is a massive ball of hot, glowing gas, primarily composed of hydrogen and helium. It formed around 4.6 billion years ago from a giant cloud of gas and dust called the solar nebula. Gravity collapsed the nebula, causing it to spin faster and heat up, eventually igniting nuclear fusion reactions in its core. This process released an enormous amount of energy, making the sun shine. The sun has already burned through about half of its fuel and will continue to shine for another 5 billion years before exhausting its energy and becoming a red giant.","The sun is vital for life on Earth as it provides the primary energy source for all ecosystems through photosynthesis, drives weather and climate systems, and influences seasonal cycles. It is essential for the production of vitamin D in humans and is integral to the water cycle by evaporating water from the Earth's surface.
The sun formed about 4.6 billion years ago from a molecular cloud region known as a solar nebula. Due to gravitational forces, this cloud underwent a collapse, leading to the accumulation of matter at its center. As this protostar gained mass, pressure and temperature increased, eventually initiating nuclear fusion in its core. This process converts hydrogen into helium, releasing immense amounts of energy as light and heat, establishing the sun as a main-sequence star. This stellar birth provided the necessary conditions for the development of planets and other celestial bodies in our solar system.","The sun is the powerhouse of our solar system, and life on Earth would be impossible without it. Here's why:

* **Warmth:**  The sun provides the light and heat necessary to sustain a habitable temperature on Earth.
* **Photosynthesis:** Plants harness sunlight to create food and oxygen, forming the base of our food chains.
* **Seasons and Climate:** The sun's energy drives weather patterns, ocean currents, and the seasons. 

The sun formed about 4.6 billion years ago from a giant cloud of gas and dust called a solar nebula. Gravity caused this cloud to collapse, with most of the material gathering in the center to form the sun. The leftover swirling material eventually formed the planets and other objects in our solar system. 
"
How far is the sun from Earth and what is this distance called?,"The sun is about 150 million kilometers (93 million miles) from Earth. This distance, called an astronomical unit (AU), is a standard measure of distance for astronomers and astrophysicists.","The sun is approximately 93 million miles (149.6 million kilometers) away from Earth, and this distance is called an astronomical unit (AU), which is used as a standard unit of measurement for distances within our solar system.",The sun is about 93 million miles (150 million kilometers) from Earth. This distance is called an Astronomical Unit (AU).,"The average distance between the Sun and Earth is approximately 93 million miles (150 million kilometers). This distance is known as an Astronomical Unit (AU). "
What is the composition of the sun and how does its mass compare to Earth’s?,"The sun’s mass is more than 333,000 times that of Earth, and contains about 99.8 percent of all of the mass in the entire solar system. The sun is made up of a blazing combination of gases. These gases are actually in the form of plasma. Plasma is a state of matter similar to gas, but with most of the particles ionized.","The sun is a massive ball of hot, glowing gas, primarily composed of 75% hydrogen and 25% helium by mass. It has a small amount of heavier elements, such as oxygen, carbon, and iron. The sun's mass is approximately 330,000 times that of Earth, making up 99.8% of the mass of our solar system. Its enormous mass is responsible for its incredible gravity, which holds the planets in their orbits.","The sun is primarily composed of hydrogen (about 75%) and helium (about 24%), with trace amounts of heavier elements. Its mass is approximately 330,000 times greater than Earth's. The immense mass of the sun exerts a strong gravitational pull, anchoring Earth and other planets in their orbits within the solar system.","The Sun is mostly made of hydrogen (about 73%) and helium (about 25%).  The remaining percentage is a mix of heavier elements like oxygen, carbon, neon, and iron. The Sun's mass is incredibly larger than Earth's - approximately 330,000 times greater! 
"
How does the sun’s magnetic field function and what is its rotation period?,"The magnetic field is defined by a combination of three complex mechanisms: a circular electric current that runs through the sun, layers of the sun that rotate at different speeds, and the sun’s ability to conduct electricity. Near the sun’s equator, magnetic field lines make small loops near the surface. Magnetic field lines that flow through the poles extend much farther, thousands of kilometers, before returning to the opposite pole. The sun rotates around its own axis, just like Earth. The sun rotates counterclockwise, and takes between 25 and 35 days to complete a single rotation.","The sun's magnetic field is a complex, dynamic system that plays a crucial role in its behavior and activity. It is generated by the movement of charged particles, such as electrons and protons, in the sun's convective zone. The magnetic field lines emerge from the sun's surface, creating sunspots, prominences, and coronal loops. The sun's rotation period, or the time it takes to complete one rotation, is approximately 25.4 days at the equator and up to 36 days at the poles due to differential rotation. This rotation period is responsible for the sun's magnetic field patterns and activity cycles.","The sun's magnetic field is generated by the movement of conducting materials in its convective zone. This dynamic process creates a complex and fluctuating magnetic field that extends throughout the solar system. Solar magnetic activity, including sunspots, solar flares, and coronal mass ejections, is influenced by this magnetic field. The sun's rotation period varies: at the equator, it rotates approximately every 24 days, while near the poles, the rotation can take about 35 days. This differential rotation contributes to the twisting and tangling of magnetic field lines, driving solar activity.","The Sun's magnetic field is generated by a complex process called a dynamo. This involves the movement of hot, electrically charged plasma deep in the Sun's interior.  This field is far-reaching and its polarity flips roughly every 11 years, creating the solar cycle.

The Sun doesn't rotate as a solid object.  The equator spins faster (about 25 days) than the poles (about 35 days). 
"
What will happen to the sun as it evolves from a ‘yellow dwarf’ to a ‘red giant’?,"Over those five billion years, the sun will go from “yellow dwarf” to “red giant.” When almost all of the hydrogen in the sun’s core has been consumed, the core will contract and heat up, increasing the amount of nuclear fusion that takes place. The outer layers of the sun will expand from this extra energy. The sun will expand to about 200 times its current radius, swallowing Mercury and Venus.","As the sun exhausts its hydrogen fuel, it will expand into a red giant, increasing in size by up to 100 times and luminosity by 1,000 times. Its surface temperature will drop, causing it to cool and shift from yellow to red. The sun will lose about half its mass, and its gravitational grip on the planets will weaken. Mercury and Venus may be engulfed, and Earth's orbit may be affected, potentially making it uninhabitable. This transformation is expected to occur in about 5 billion years.","As the sun evolves from a 'yellow dwarf' to a 'red giant,' it will exhaust its hydrogen fuel in the core, causing it to contract under its own gravity. This contraction raises the core’s temperature, igniting helium fusion in a shell surrounding the core. The outer layers will expand significantly, increasing the sun's radius and decreasing its surface temperature, giving it a reddish appearance. Eventually, the sun will shed its outer layers, leaving behind a dense core known as a white dwarf.","Our sun, currently a stable yellow dwarf, will run out of fuel in its core. To compensate, it will swell dramatically, becoming a cooler, reddish giant. This expansion will likely swallow Mercury and Venus, and potentially even Earth."
What are the layers that make up the sun’s structure?,"The sun is made up of six layers: core, radiative zone, convective zone, photosphere, chromosphere, and corona.","The sun's structure consists of the core, radiative zone, convective zone, photosphere, chromosphere, and corona.","The sun's layers are the core, radiative zone, convective zone, photosphere, chromosphere, and corona.","The Sun's structure consists of:

* Core
* Radiative Zone 
* Convection Zone
* Photosphere
* Chromosphere 
* Corona "
"What is the sun’s core, and what process occurs there?","The sun’s core, more than a thousand times the size of Earth and more than 10 times denser than lead, is a huge furnace. Temperatures in the core exceed 15.7 million kelvin (also 15.7 million degrees Celsius, or 28 million degrees Fahrenheit). The core extends to about 25 percent of the sun’s radius. The core is the only place where nuclear fusion reactions can happen. The sun’s other layers are heated from the nuclear energy created there. Protons of hydrogen atoms violently collide and fuse, or join together, to create a helium atom. This process, known as a PP (proton-proton) chain reaction, emits an enormous amount of energy. The energy released during one second of solar fusion is far greater than that released in the explosion of hundreds of thousands of hydrogen bombs.","The sun's core is the central region where nuclear reactions take place. It extends from the center to about 0.2 solar radii, with temperatures reaching 15 million degrees Celsius. The core is divided into two layers: the inner core, where energy is produced, and the outer core, where energy is transferred. The process that occurs in the core is nuclear fusion, specifically the proton-proton chain reaction. Hydrogen nuclei (protons) fuse to form helium, releasing vast amounts of energy in the form of light and heat. This energy is then transferred to the sun's interior and atmosphere, making it shine.","The sun's core is the innermost layer, where temperatures reach about 15 million degrees Celsius and pressures are immensely high. This environment is ideal for nuclear fusion, the process that occurs there. In the core, hydrogen atoms undergo fusion to form helium, a reaction that releases vast amounts of energy. This energy is emitted as light and heat, which is essential for life on Earth. The core's fusion process also produces neutrinos, subatomic particles that very rarely interact with matter, streaming out into space almost unaffected by the rest of the sun. The energy generated by fusion in the core sustains the sun's luminosity and powers its various layers, maintaining its structure and influencing solar activity observed in its outer layers.","The sun's core is its innermost region, where immense pressure and temperatures (around 15 million degrees Celsius) exist.  The dominant process occurring in the core is nuclear fusion. This is where hydrogen atoms are forced together under such extreme conditions that they combine to form helium. This process releases vast amounts of energy, powering the sun and providing the heat and light that sustain life on Earth. "
What organisms form the foundation of the marine food chain and what role do they play?,"Phytoplankton, seaweed, and seagrasses form the foundation of the marine food chain, serving as primary producers of organic carbon and oxygen.","Phytoplankton, such as algae and cyanobacteria, form the foundation of the marine food chain, converting sunlight into organic matter through photosynthesis, providing energy and nutrients for higher trophic levels.","Phytoplankton form the foundation of the marine food chain, producing organic compounds through photosynthesis and serving as primary producers and food sources for higher trophic levels.","Phytoplankton, microscopic plant-like organisms, form the foundation of the marine food chain. They produce food through photosynthesis, becoming the primary food source for countless marine creatures. "
Who are the primary consumers in the marine food chain and what is their fate?,"On the ocean's surface waters, microscopic animals—zooplankton, which include jellyfish and the larval stages of some fish, barnacles, and mollusks—drift across the sea, grazing opportunistically. Larger herbivores include surgeonfish, parrotfish, green turtles, and manatees. Despite their differences in size, herbivores share a voracious appetite for ocean vegetation. Many of them also share the same fate—which is to become food for the carnivorous animals of the food chain's top two levels.","Primary consumers in the marine food chain are herbivorous zooplankton, such as krill and copepods, that feed on phytoplankton. They play a crucial role in transferring energy from producers to higher trophic levels. Their fate is to be preyed upon by secondary consumers, such as fish, squid, and crustaceans, which feed on them, transferring energy further up the food chain.","Primary consumers in the marine food chain are mostly zooplankton, small fish, and some larger filter feeders like baleen whales. They consume phytoplankton and are crucial in transferring energy up the food chain. Their fate largely involves being preyed upon by secondary consumers such as larger fish, marine mammals, and birds. This predation is essential for the flow of nutrients and energy throughout the marine ecosystem, maintaining the balance and health of oceanic food webs.","Primary consumers in the marine food chain are mainly zooplankton, which include tiny animals like copepods and krill. They feed on phytoplankton (microscopic algae). These primary consumers are in turn eaten by larger animals like small fish, larger zooplankton, or filter feeders like baleen whales, becoming an important source of energy for higher levels in the food chain. 
"
What types of animals constitute the third level of the marine food chain as carnivores?,"The zooplankton of level two sustain a large and diverse group of small carnivores, such as sardines, herring, and menhaden. This level of the food chain also includes larger animals, such as octopuses (which feed on crabs and lobsters) and many fish (which feed on small invertebrates that live near shore). Though these animals are very successful hunters, they often fall prey to a simple fact of ocean life: Big fish eat smaller fish.","The third level of the marine food chain consists of carnivorous animals that feed on secondary consumers. These include predatory fish such as tuna, mackerel, and groupers, as well as invertebrates like squid, octopuses, and large crustaceans like crabs and lobsters. These carnivores play a key role in regulating the populations of secondary consumers and maintaining the balance of the marine ecosystem.","The third level of the marine food chain includes larger carnivorous fish such as tuna and sharks, along with marine mammals like dolphins and seals. These animals primarily feed on smaller fish and cephalopods. They play a critical role in maintaining the balance of marine ecosystems by controlling the population of secondary consumers and thus preventing overgrazing of phytoplankton by zooplankton and small fish. Their predatory nature helps sustain the structure and health of the marine food web.","The third level of the marine food chain consists of smaller carnivorous fish species. These include:

* **Herring, sardines, and anchovies:** Filter feeders who consume massive quantities of zooplankton (level two).
* **Mackerel, squid, and smaller sharks:** Predators who eat the smaller filter-feeding fish. 

These carnivores are crucial for balancing the marine ecosystem, but they are also prey for larger carnivores at higher levels of the food chain. 
"
Who are the top predators in the marine food chain and what threats do they face?,"The large predators that sit atop the marine food chain are a diverse group that includes finned (sharks, tuna, dolphins), feathered (pelicans, penguins), and flippered (seals, walruses) animals. These apex predators tend to be large, fast, and very good at catching prey. They are also long-lived and usually reproduce slowly. But the marine food chain's top predators are common prey for the most deadly hunters of all—humans. When top predator species are depleted, their numbers are often slow to rebound, and their loss can send shock waves through the entire food web.","Top predators in the marine food chain include apex predators like sharks, rays, and large marine mammals such as orcas, dolphins, and whales. These predators have no natural predators and play a crucial role in maintaining the balance of the ecosystem. However, they face numerous threats, including overfishing, habitat destruction, pollution, and climate change. Many top predators are targeted by commercial fisheries, and their populations are declining. Additionally, they are vulnerable to bycatch, entanglement in fishing gear, and habitat degradation, making conservation efforts essential to protect these critical components of the marine ecosystem.","Top predators in the marine food chain include sharks, orcas, and large whales. These apex predators face significant threats from human activities such as overfishing, habitat loss, and pollution. Additionally, climate change impacts ocean temperatures and acidity, altering their food sources and habitats. Bycatch, the capture of unintended species in fishing gear, also poses a serious risk. These threats can lead to declining populations, disrupting marine ecosystems and the balance of the food chain, highlighting the need for robust conservation efforts.","Top marine predators include sharks (especially great whites), orcas (killer whales), large toothed whales, and some seals like leopard seals. These animals sit at the top of the food chain with few natural enemies.

Their biggest threats are: 

* **Overfishing:** Depletes their prey sources.
* **Entanglement:** In fishing gear, leading to injury or death. 
* **Pollution:** Chemicals and plastics can harm their health and reproduction. 
* **Climate change:** This disrupts ocean ecosystems and food supplies. 
"
What are alternative food chains in the marine ecosystem that do not rely on sunlight?,"There are other deep-ocean ecosystems that are entirely independent of the sunlight energy that kick-starts the main marine ecosystem. At their roots, these unique ecosystems are fueled by chemical energy, which enters the ocean from sources like seafloor hydrothermal vents.","Alternative food chains in the marine ecosystem that do not rely on sunlight include chemosynthetic-based food chains, where bacteria thrive near hydrothermal vents, cold seeps, or organic-rich sediments, using chemical energy to produce organic matter. This supports unique communities of organisms, such as giant tube worms and vent crabs, that thrive in these dark, deep-sea environments.","Deep-sea hydrothermal vents support alternative food chains that rely on chemosynthesis, not sunlight. Bacteria convert chemicals like hydrogen sulfide from vent emissions into organic material, serving as the base for ecosystems inhabited by specialized creatures such as tube worms, clams, and various crustaceans.","Hydrothermal Vent Ecosystems: Bacteria at deep-sea vents use chemicals released from the Earth's crust as an energy source, forming the base of a food chain with tubeworms, crabs, and specialized fish.

Whale Fall Ecosystems:  When whales die and sink, their decaying bodies support complex food chains for years, with specialized worms, bacteria, and other creatures."
What is the Great Pacific Garbage Patch and what areas does it span?,"The Great Pacific Garbage Patch is a collection of marine debris in the North Pacific Ocean. Marine debris is litter that ends up in oceans, seas, and other large bodies of water. The Great Pacific Garbage Patch, also known as the Pacific trash vortex, spans waters from the West Coast of North America to Japan.","The Great Pacific Garbage Patch is a massive accumulation of marine debris, primarily plastic, in the North Pacific Ocean. It spans a vast area, estimated to be around 700,000 square kilometers (270,000 sq mi), stretching from Hawaii to California, and from Japan to the west coast of North America.","The Great Pacific Garbage Patch is a massive area of marine debris concentration in the North Pacific Ocean. It spans the waters between Japan and the West Coast of the United States, primarily comprising plastics and chemical sludge. This floating garbage accumulates in two main patches, the Western and Eastern Pacific Garbage Patches, driven by ocean currents.","The Great Pacific Garbage Patch is a massive collection of plastic debris and other pollution trapped by currents in the North Pacific Ocean. It spans a vast, shifting area between Hawaii and California, formed within the North Pacific Subtropical Gyre.
"
How does the North Pacific Subtropical Gyre contribute to the formation of the Great Pacific Garbage Patch?,"The North Pacific Subtropical Gyre is formed by four currents rotating clockwise around an area of 20 million square kilometers (7.7 million square miles): the California current, the North Equatorial current, the Kuroshio current, and the North Pacific current. The area in the center of a gyre tends to be very calm and stable. The circular motion of the gyre draws debris into this stable center, where it becomes trapped.","The North Pacific Subtropical Gyre, a system of rotating ocean currents, contributes to the formation of the Great Pacific Garbage Patch by creating a convergence zone where winds and currents push debris towards the center. The clockwise rotation of the gyre traps the debris, including plastic waste, in a circular pattern, concentrating it in a small area and preventing it from being dispersed or broken down.","The North Pacific Subtropical Gyre, a large system of rotating ocean currents, contributes to the formation of the Great Pacific Garbage Patch by trapping and accumulating debris. These currents circulate around the North Pacific, drawing in waste from North America and Asia. As the currents slowly converge in the center of the gyre, they create a stable, calm area where debris accumulates and remains, gradually forming the dense concentration known as the Garbage Patch.","The North Pacific Subtropical Gyre is a large system of rotating ocean currents. Think of it like a massive, slow-moving whirlpool. This gyre traps debris that enters its circulation, pulling it inwards towards a relatively calm center. This constant inward pull and lack of strong outward currents keeps garbage from dispersing, leading to the high concentration that forms the Great Pacific Garbage Patch."
"What misconceptions do people have about the Great Pacific Garbage Patch, and what is its reality?","For many people, the idea of a “garbage patch” conjures up images of an island of trash floating on the ocean. In reality, these patches are almost entirely made up of tiny bits of plastic, called microplastics. Microplastics can’t always be seen by the naked eye. Even satellite imagery doesn’t show a giant patch of garbage. The microplastics of the Great Pacific Garbage Patch can simply make the water look like a cloudy soup. This soup is intermixed with larger items, such as fishing gear and shoes.","A common misconception about the Great Pacific Garbage Patch is that it's a solid island of trash. In reality, it's a massive collection of small plastic particles, microbeads, and other debris suspended in the ocean, spread over a vast area. While it's not a visible ""island,"" the patch is still a significant environmental concern, harming marine life and contaminating the food chain. It's estimated to be around 700,000 square kilometers in size, making it a pressing issue that requires continued research and efforts to mitigate plastic pollution.","A common misconception about the Great Pacific Garbage Patch is that it resembles a solid island of trash. In reality, it is mostly made up of microplastics and smaller debris dispersed over a vast area of the ocean, making it difficult to see with the naked eye. This fragmentation means it's not a contiguous mass that can be easily removed; instead, it's a diffuse, soup-like area of concentrated marine pollutants, which poses significant challenges for cleanup and has pervasive impacts on marine life and ecosystems.","People often imagine the Great Pacific Garbage Patch as a floating island of trash you could walk on, or a mass visible from space. In reality, the debris is spread over a vast area, with much of the plastic broken into smaller, less visible pieces.  It's more like a plastic soup than a solid island."
Who discovered the Great Pacific Garbage Patch and how much debris does it contain?,"While oceanographers and climatologists predicted the existence of the Great Pacific Garbage Patch, it was a racing boat captain by the name of Charles Moore who actually discovered the trash vortex. Moore was sailing from Hawai'i to California after competing in a yachting race. Crossing the North Pacific Subtropical Gyre, Moore and his crew noticed millions of pieces of plastic surrounding his ship. No one knows how much debris makes up the Great Pacific Garbage Patch. The North Pacific Subtropical Gyre is too large for scientists to trawl. In addition, not all of the trash floats on the surface. Denser debris can sink centimeters or even several meters beneath the surface, making the vortex’s area nearly impossible to measure.","The Great Pacific Garbage Patch was discovered in 1997 by Charles Moore, a sailor and oceanographer, who stumbled upon a large area of debris while sailing through the North Pacific Ocean. The patch is estimated to contain around 1.8 trillion pieces of plastic, weighing approximately 80,000 metric tons. This debris ranges from small microbeads to large pieces of fishing nets and other plastic items. The patch is not a solid mass, but rather a collection of plastic particles suspended in the ocean, with some areas having a higher concentration of debris than others.","The Great Pacific Garbage Patch was discovered by Captain Charles Moore in 1997 while he was participating in a sailing race. Moore noticed countless pieces of plastic and other debris floating in an area of the North Pacific Ocean, which led to further investigation and recognition of the extent of marine pollution in this region. Estimates suggest that the Garbage Patch contains at least 79,000 tons of plastic, spread across about 1.6 million square kilometers. The debris ranges from large abandoned fishing nets and plastic containers to microscopic plastic fragments that are more difficult to extract from the ocean.","While oceanographers predicted its existence, racing captain Charles Moore is credited with discovering the Great Pacific Garbage Patch in 1997. On his return trip from Hawaii to California, he sailed through a vast area littered with plastic debris.

It's impossible to accurately measure how much debris is in the patch for a few reasons:

Size: The area is massive and its boundaries constantly shift.
Visibility: Much of the plastic is broken down into tiny pieces that aren't easily seen.
Depth: Debris exists throughout the water column, not just on the surface."
"What is an invasive species, and how does it differ from an introduced species?","An invasive species is commonly defined as any living organism not native to an area that causes economic or environmental harm, or is damaging to human health. (type of plant or animal that is not indigenous to a particular area and causes economic or environmental harm.) Introduced species are only considered invasive if they cause harm.","An invasive species is a non-native organism that causes harm to the environment, economy, or human health in its new habitat. It differs from an introduced species, which is simply a non-native species that has been brought to a new area, but may not necessarily cause harm. Invasive species outcompete native species for resources, alter ecosystems, and can lead to biodiversity loss.","An invasive species aggressively spreads and disrupts local ecosystems, often outcompeting native species and causing environmental harm. In contrast, an introduced species is one that has been moved by human activities to a new geographic area, but doesn't necessarily cause harm or disrupt the ecosystem. Not all introduced species become invasive.","An invasive species is a non-native species that spreads rapidly and causes harm to the environment, economy, or human health. An introduced species is simply a non-native species brought to a new area; it may or may not cause harm."
Why are invasive species often successful in outcompeting native species in a new environment?,"Invasive species are usually generalists: species able to survive in a variety of environmental conditions and exploit broad ecological niches. When introduced to a new environment, they can quickly outcompete native species for resources, such as food and water. They often lack predators, competitors, or parasites in their new home, so populations can grow rapidly without natural enemies to keep them in check. In many cases, native species have not evolved natural defenses against the new invader, making them easy prey.","Invasive species are often successful in outcompeting native species in a new environment because they lack natural predators, competitors, and diseases that would normally regulate their populations in their native range. This allows them to grow and reproduce rapidly, outcompeting native species for resources such as food, water, and habitat. Additionally, invasive species may have evolved traits that make them more tolerant of environmental stressors or better adapted to the new environment, giving them a competitive advantage over native species.","Invasive species often outcompete native species because they typically lack natural predators in new environments, allowing their populations to grow unchecked. They may also possess certain traits like rapid reproduction, high dispersal ability, and broad dietary preferences, which give them a competitive edge over native species. Additionally, these species can exploit available resources more efficiently and may introduce diseases to which native species have no resistance, further diminishing native populations and altering the ecosystem dynamics.","Lack of natural enemies: They often arrive without the predators or diseases that kept their populations in check in their native environment.
Competitive advantages: They might reproduce faster, be better at finding resources, or be more adaptable to new conditions.
Disturbed environments: Human-altered habitats may give invasive species an advantage, making it harder for native species to thrive."
"How are invasive species primarily spread, and what role do human activities play in their introduction?","Invasive species are almost always spread by human activity. The increase of activities such as tourism and trade have meant people and goods can move all over the planet, and they often take invasive species with them, accidentally or intentionally.","Invasive species are primarily spread through human activities, such as international trade, travel, and recreation. Human vectors include contaminated cargo, ballast water, and hull fouling on ships, as well as pet trade, hunting, and gardening. Additionally, human activities like habitat destruction and climate change can facilitate the spread of invasive species.","Invasive species are primarily spread through human activities such as global trade, travel, and landscaping. Humans inadvertently transport these species across regions via ships, planes, and vehicles, introducing them into new environments where they can become invasive.","Invasive species primarily spread through human activities like global trade, travel, and the release of pets or ornamental plants. These actions unintentionally transport plants, animals, and pathogens into new environments."
"Why was the Asian plant kudzu introduced to the United States, and what unintended consequences did it have?","The Asian plant kudzu (Pueraria montana var. lobata) was introduced to the United States during the 1876 World’s Fair in Philadelphia, Pennsylvania. It gained popularity in the southern U.S. in the 1930s, when government officials encouraged people to plant the fast-growing vine in an effort to prevent soil erosion. But the kudzu quickly grew out of control, earning it the moniker “the vine that ate the South.”","Kudzu was introduced to the United States in the late 1800s as an ornamental plant and for erosion control. It was touted as a ""miracle vine"" that could thrive in poor soil and control soil erosion. However, it quickly spread out of control, blanketing large areas of land, damaging infrastructure, and suffocating native vegetation. Today, kudzu is considered one of the most invasive species in the US, causing significant economic and environmental harm.","Kudzu was introduced to the United States from Asia in the late 19th century for ornamental purposes and later promoted as a soil erosion control method. However, its rapid growth rate and resilience allowed it to spread uncontrollably across the southeastern U.S., outcompeting native species, overtaking forests, fields, and structures, and leading to significant ecological disruption and economic costs in managing its spread.","Kudzu, a fast-growing vine, was introduced to the US in the 1870s as an ornamental plant and later promoted in the 1930s to control soil erosion. However, it became invasive, smothering native plants and disrupting ecosystems due to its aggressive growth."
"What ill-advised biocontrol attempt led to the introduction of the cane toad in Australia, and what impact did it have?","The cane toad (Bufo marinus), native to South and Central America, was introduced to Australia in the 1930s as a means of controlling pests in sugar cane plantations. Unfortunately, the plan backfired, and the cane toads became a pest themselves. The oversized toad is famously toxic and can be deadly to predators who try to eat it.","In the 1930s, the cane toad was introduced to Australia to control the sugar cane pest, the grey-backed cane beetle. However, the toads failed to target the beetles and instead spread rapidly, poisoning native animals that attempted to eat them. The cane toad has since become a major invasive species, causing significant declines in native wildlife populations and altering ecosystems.","The cane toad was introduced to Australia in 1935 to control the cane beetle, a pest in sugar cane crops. However, this biocontrol attempt failed as the toads were ineffective at reducing beetle populations and instead became a problematic invasive species themselves, harming native wildlife through their toxic secretions and competing with native species for food and habitat.","The cane toad was introduced to Australia in the 1930s in a misguided attempt to control beetles damaging sugarcane crops. However, cane toads couldn't control the beetles and instead became invasive themselves, spreading rapidly and poisoning native predators."
"What is an endangered species, what are the main reasons that lead to species becoming endangered?",An endangered species is a type of organism that is threatened by extinction. Species become endangered for two main reasons: loss of habitat and loss of genetic variation.,"An endangered species is one that is at risk of becoming extinct due to habitat destruction, pollution, climate change, overhunting, and human activities that disrupt their ecosystems and populations.","An endangered species is at serious risk of extinction. Main reasons include habitat loss, pollution, overhunting, climate change, and invasive species.",An endangered species is at risk of disappearing soon. Main threats include habitat loss and human actions.
How does human development contribute to a loss of habitat for native organisms?,"Human activity can also contribute to a loss of habitat. Development for housing, industry, and agriculture reduces the habitat of native organisms. This can happen in a number of different ways. Development can eliminate habitat and native species directly. In the Amazon rainforest of South America, developers have cleared hundreds of thousands of acres. To “clear” a piece of land is to remove all trees and vegetation from it. The Amazon rainforest is cleared for cattle ranches, logging, and urban use. Development can also endanger species indirectly. Some species, such as fig trees of the rainforest, may provide habitat for other species. As trees are destroyed, species that depend on that tree habitat may also become endangered.","Human development is a primary driver of habitat loss for native organisms. As human populations grow, natural areas are converted into urban centers, agricultural lands, and infrastructure projects, leading to habitat destruction and fragmentation. This can result in the loss of breeding grounds, food sources, and shelter for native species. Additionally, human activities such as deforestation, mining, and construction can alter the physical environment, making it unsuitable for native species to survive. For example, the destruction of coral reefs for coastal development can lead to the loss of habitat for numerous marine species.","Human development contributes to habitat loss primarily through urban expansion, agriculture, and industrial activities. Urban expansion displaces natural environments with infrastructure, while agricultural practices often involve clearing forests and wetlands for crops and livestock. Industrial activities, such as mining and manufacturing, pollute and physically alter landscapes and waterways. These changes fragment habitats, making them less hospitable or entirely unsuitable for native species. Additionally, development can lead to increased pollution and a higher likelihood of introducing invasive species, further stressing native populations. Such extensive alterations disrupt ecological balance, leading to decreased biodiversity and the endangerment or extinction of native species.","Deforestation: Clearing forests for agriculture, logging, or urbanization destroys habitat for countless species.
Land Conversion: Converting natural areas like grasslands or wetlands into farms, roads, or cities fragments habitats and shrinks them.
Pollution: Chemicals, waste, and noise pollution can degrade habitats, making them unsuitable for native plants and animals.
Introduction of Invasive Species: These species can outcompete native wildlife for resources or directly harm them.
Climate Change: Changes in temperature and weather patterns can alter habitats beyond the adaptability of certain species."
"What is inbreeding, and why is it a concern for species survival?","Inbreeding is reproduction with close family members. Groups of species that have a tendency to inbreed usually have little genetic variation, because no new genetic information is introduced to the group. Disease is much more common, and much more deadly, among inbred groups. Inbred species do not have the genetic variation to develop resistance to the disease. For this reason, fewer offspring of inbred groups survive to maturity.","Inbreeding occurs when individuals of the same species mate with close relatives, resulting in offspring with reduced genetic diversity. This can lead to inbreeding depression, where offspring have lower fitness, reduced fertility, and increased mortality. Inbreeding is a concern for species survival because it can reduce population viability, increase extinction risk, and make species more vulnerable to environmental stressors and disease.","Inbreeding occurs when closely related individuals reproduce, leading to increased homozygosity and a higher likelihood of offspring inheriting harmful genetic mutations. This genetic similarity reduces a population's genetic diversity, making it less adaptable to environmental changes or disease. Consequently, inbreeding can result in reduced survival and fertility rates, increasing the risk of extinction, especially in small or isolated populations where finding unrelated mates is challenging.","Inbreeding is when closely related individuals mate. This is a concern because it increases the chances of offspring inheriting harmful recessive genes that lower their fitness. For a species, it reduces genetic diversity, making them more vulnerable to diseases and environmental changes, hindering their ability to adapt."
What is the purpose of the International Union for Conservation of Nature’s (IUCN) Red List?,"The International Union for Conservation of Nature (IUCN) keeps a “Red List of Threatened Species.” The Red List defines the severity and specific causes of a species’ threat of extinction. The Red List has seven levels of conservation: least concern, near threatened, vulnerable, endangered, critically endangered, extinct in the wild, and extinct. Each category represents a different threat level.","The IUCN Red List categorizes species based on their conservation status, providing a global standard for assessing extinction risk. It aims to raise awareness about threatened species, inform conservation efforts, and track changes in species populations. The list helps identify species that require protection, guides conservation priorities, and provides a tool for policymakers to make informed decisions.","The purpose of the IUCN Red List is to provide a comprehensive global inventory of the conservation status of plant and animal species. It assesses the risk of extinction they face, aiming to inform conservation priorities, raise awareness, and stimulate global actions to safeguard biodiversity.",The IUCN Red List serves as a global assessment of species' extinction risk. It informs conservation efforts by highlighting species in need of protection and guiding actions to prevent their disappearance.
What criteria determine if a species is classified as vulnerable?,"The definitions of the three threatened categories (vulnerable, endangered, and critically endangered) are based on five criteria: population reduction rate, geographic range, population size, population restrictions, and probability of extinction.","A species is classified as vulnerable if it meets certain criteria, including: a population decline of 20-30% over 10 years or 3 generations, a geographic range of less than 20,000 km², or a population size of less than 10,000 mature individuals.","A species is classified as vulnerable if it faces a high risk of extinction in the medium term, due to factors like rapid population decline, restricted geographical range, or other environmental or human-induced pressures.","A species is vulnerable if it faces a high risk of extinction in the wild due to factors like population decline, limited range, or habitat loss."
Why is the Ethiopian banana frog considered a vulnerable species?,"The Ethiopian banana frog (Afrixalus enseticola) is a small frog native to high-altitude areas of southern Ethiopia. It is a vulnerable species because its area of occupancy is less than 2,000 square kilometers (772 square miles). The extent and quality of its forest habitat are in decline. Threats to this habitat include forest clearance, mostly for housing and agriculture.","The Ethiopian banana frog (Afrixalus ensetae) is considered vulnerable due to habitat loss and degradation, primarily caused by the expansion of agriculture and urbanization. Its limited range and specific habitat requirements make it susceptible to these threats, leading to a decline in its population and earning it a vulnerable status on the IUCN Red List.","The Ethiopian banana frog is considered vulnerable primarily due to habitat loss from deforestation and land conversion for agriculture and human settlement. This degradation and fragmentation of their forest habitat severely limit their living spaces and resources, leading to a decline in population numbers and raising the risk of their potential extinction.",The Ethiopian banana frog is considered vulnerable due to its limited habitat in the shrinking forests of the Ethiopian highlands. This loss of habitat and its restricted range increase its risk of extinction.